"canonical_card_id","card_name","card_number","previous_unresolved_reason","resolved_reading","reading_completeness","status","source_type","source_url_1","source_url_2","source_url_3","source_url_4","evidence_note","final_card_name","final_status","final_resolved_reading","final_source_type","final_source_url_1","final_decision_note"
"155","頂上混成 ガリュディアス・モモミーズ’22","DM26RP3 TR8/TR9","DMWiki見出しがDB正式名と不一致","ちょうじょうこんせい ガリュディアス・モモミーズトゥエンティツー","full","confirmed_dmwiki","dmwiki_explicit_ruby","https://dmwiki.net/%E3%80%8A%E9%A0%82%E4%B8%8A%E6%B7%B7%E6%88%90%2B%E3%82%AC%E3%83%AA%E3%83%A5%E3%83%87%E3%82%A3%E3%82%A2%E3%82%B9%E3%83%BB%E3%83%A2%E3%83%A2%E3%83%9F%E3%83%BC%E3%82%BA%2722%E3%80%8B","","","","見出しに頂上混成(ちょうじょうこんせい)、22(トゥエンティツー)のルビ。DBと記事のapostrophe codepoint差。 見出しからルビ注釈を除いた形でもDB正式名との表記差を照合済み。","頂上混成 ガリュディアス・モモミーズ’22","confirmed_dmwiki","ちょうじょうこんせい ガリュディアス・モモミーズトゥエンティツー","dmwiki_explicit_ruby","https://dmwiki.net/%E3%80%8A%E9%A0%82%E4%B8%8A%E6%B7%B7%E6%88%90%2B%E3%82%AC%E3%83%AA%E3%83%A5%E3%83%87%E3%82%A3%E3%82%A2%E3%82%B9%E3%83%BB%E3%83%A2%E3%83%A2%E3%83%9F%E3%83%BC%E3%82%BA%2722%E3%80%8B","B調査の確定読みを最終候補として採用。原典URLと根拠は既存列を保持。"
"483","王来英雄 モモキングRX","DM26RP3 TR2/TR9","DMWiki見出しがDB正式名と不一致","オーライヒーロー モモキングレックス","full","confirmed_dmwiki","dmwiki_explicit_ruby","https://dmwiki.net/%E3%80%8A%E7%8E%8B%E6%9D%A5%E8%8B%B1%E9%9B%84%20%E3%83%A2%E3%83%A2%E3%82%AD%E3%83%B3%E3%82%B0RX%E3%80%8B","","","","見出しに王来英雄(オーライヒーロー)、RX(レックス)のルビ。 見出しからルビ注釈を除いた形でもDB正式名との表記差を照合済み。","王来英雄 モモキングRX","confirmed_dmwiki","オーライヒーロー モモキングレックス","dmwiki_explicit_ruby","https://dmwiki.net/%E3%80%8A%E7%8E%8B%E6%9D%A5%E8%8B%B1%E9%9B%84%20%E3%83%A2%E3%83%A2%E3%82%AD%E3%83%B3%E3%82%B0RX%E3%80%8B","B調査の確定読みを最終候補として採用。原典URLと根拠は既存列を保持。"
"804","BARUGA-雷座87","DM26RP3 STD10/ | DM26RP3 STD㊙10/ | DM26RP3 STD超㊙10/","DMWiki見出しがDB正式名と不一致","バルガ-ライザーエイトセブン","full","confirmed_dmwiki","dmwiki_explicit_ruby","https://dmwiki.net/%E3%80%8ABARUGA-%E9%9B%B7%E5%BA%A787%E3%80%8B","","","","BARUGA(バルガ)、雷座(ライザー)、87(エイトセブン)のルビ。DBのASCII BARUGAと漢字表記差。 見出しからルビ注釈を除いた形でもDB正式名との表記差を照合済み。","BARUGA-雷座87","confirmed_dmwiki","バルガ-ライザーエイトセブン","dmwiki_explicit_ruby","https://dmwiki.net/%E3%80%8ABARUGA-%E9%9B%B7%E5%BA%A787%E3%80%8B","B調査の確定読みを最終候補として採用。原典URLと根拠は既存列を保持。"
"835","ブランド ＜NEXT.Star＞","DM26RP3 STD11/ | DM26RP3 STD㊙11/ | DM26RP3 STD超㊙11/","DMWiki見出しがDB正式名と不一致","ブランド ＜ネクスト.スター＞","full","confirmed_dmwiki","dmwiki_explicit_ruby","https://dmwiki.net/%E3%80%8A%E3%83%96%E3%83%A9%E3%83%B3%E3%83%89%20%EF%BC%9CNEXT.Star%EF%BC%9E%E3%80%8B","","","","NEXT(ネクスト)、Star(スター)のルビ。 見出しからルビ注釈を除いた形でもDB正式名との表記差を照合済み。","ブランド ＜NEXT.Star＞","confirmed_dmwiki","ブランド ＜ネクスト.スター＞","dmwiki_explicit_ruby","https://dmwiki.net/%E3%80%8A%E3%83%96%E3%83%A9%E3%83%B3%E3%83%89%20%EF%BC%9CNEXT.Star%EF%BC%9E%E3%80%8B","B調査の確定読みを最終候補として採用。原典URLと根拠は既存列を保持。"
"3128","クイーン&かぼちゃうちゃう","DM26RP3 SP5/SP5","DMWiki見出しがDB正式名と不一致","クイーンアンドかぼちゃうちゃう","full","confirmed_dmwiki","dmwiki_explicit_ruby","https://dmwiki.net/%E3%80%8A%E3%82%AF%E3%82%A4%E3%83%BC%E3%83%B3%EF%BC%86%E3%81%8B%E3%81%BC%E3%81%A1%E3%82%83%E3%81%86%E3%81%A1%E3%82%83%E3%81%86%E3%80%8B","","","","＆(アンド)の明示ルビ。半角&と全角＆の差。 見出しからルビ注釈を除いた形でもDB正式名との表記差を照合済み。","クイーン&かぼちゃうちゃう","confirmed_dmwiki","クイーンアンドかぼちゃうちゃう","dmwiki_explicit_ruby","https://dmwiki.net/%E3%80%8A%E3%82%AF%E3%82%A4%E3%83%BC%E3%83%B3%EF%BC%86%E3%81%8B%E3%81%BC%E3%81%A1%E3%82%83%E3%81%86%E3%81%A1%E3%82%83%E3%81%86%E3%80%8B","B調査の確定読みを最終候補として採用。原典URLと根拠は既存列を保持。"
"5006","霊宝 ヒャクメ-４","DM26RP3 T5/T10","DMWiki見出しがDB正式名と不一致","れいほう ヒャクメ-フォー","full","confirmed_dmwiki","dmwiki_explicit_ruby","https://dmwiki.net/%E3%80%8A%E9%9C%8A%E5%AE%9D%2B%E3%83%92%E3%83%A3%E3%82%AF%E3%83%A1-4%E3%80%8B","","","","霊宝(れいほう)、ヒャクメ-4(フォー)の明示ルビ。DBは全角４、記事はASCII 4。 見出しからルビ注釈を除いた形でもDB正式名との表記差を照合済み。","霊宝 ヒャクメ-４","confirmed_dmwiki","れいほう ヒャクメ-フォー","dmwiki_explicit_ruby","https://dmwiki.net/%E3%80%8A%E9%9C%8A%E5%AE%9D%2B%E3%83%92%E3%83%A3%E3%82%AF%E3%83%A1-4%E3%80%8B","B調査の確定読みを最終候補として採用。原典URLと根拠は既存列を保持。"
"5175","ディスタス・ゲート","DM26RP3 T6/T10","DMWikiページにルビなし","ディスタス・ゲート","full","confirmed_official","official_card_name_written_in_kana","https://dm.takaratomy.co.jp/card/detail/?id=dm26rp3-T006","https://dmwiki.net/%E3%80%8A%E3%83%87%E3%82%A3%E3%82%B9%E3%82%BF%E3%82%B9%E3%83%BB%E3%82%B2%E3%83%BC%E3%83%88%E3%80%8B","","","公式カード詳細で対象印刷名を確認。カード名全体がかな書きなので表記どおりを読みとして記録。DMWikiに明示ルビなし。","ディスタス・ゲート","confirmed_official","ディスタス・ゲート","official_card_name_written_in_kana","https://dm.takaratomy.co.jp/card/detail/?id=dm26rp3-T006","B調査の確定読みを最終候補として採用。原典URLと根拠は既存列を保持。"
"6248","キング・マニフェスト","DM26RP3 TD2/TD5","DMWikiページにルビなし","キング・マニフェスト","full","confirmed_official","official_card_name_written_in_kana","https://dm.takaratomy.co.jp/card/detail/?id=dm26rp3-TD002","https://dmwiki.net/%E3%80%8A%E3%82%AD%E3%83%B3%E3%82%B0%E3%83%BB%E3%83%9E%E3%83%8B%E3%83%95%E3%82%A7%E3%82%B9%E3%83%88%E3%80%8B","","","公式カード詳細で対象印刷名を確認。カード名全体がかな書きなので表記どおりを読みとして記録。DMWikiに明示ルビなし。","キング・マニフェスト","confirmed_official","キング・マニフェスト","official_card_name_written_in_kana","https://dm.takaratomy.co.jp/card/detail/?id=dm26rp3-TD002","B調査の確定読みを最終候補として採用。原典URLと根拠は既存列を保持。"
"7080","サッヴァークDG","DM26RP3 TR3/TR9","DMWiki見出しがDB正式名と不一致","サッヴァークディージー","full","confirmed_dmwiki","dmwiki_explicit_ruby","https://dmwiki.net/%E3%80%8A%E3%82%B5%E3%83%83%E3%83%B4%E3%82%A1%E3%83%BC%E3%82%AFDG%E3%80%8B","","","","DG(ディージー)の明示ルビ。 見出しからルビ注釈を除いた形でもDB正式名との表記差を照合済み。","サッヴァークDG","confirmed_dmwiki","サッヴァークディージー","dmwiki_explicit_ruby","https://dmwiki.net/%E3%80%8A%E3%82%B5%E3%83%83%E3%83%B4%E3%82%A1%E3%83%BC%E3%82%AFDG%E3%80%8B","B調査の確定読みを最終候補として採用。原典URLと根拠は既存列を保持。"
"7137","禁時混成王 ドキンダンテXXII","DM26RP3 STD12/ | DM26RP3 STD㊙12/ | DM26RP3 STD超㊙12/","DMWiki見出しがDB正式名と不一致","きんじこんせいおう ドキンダンテトゥエンティツー","full","confirmed_dmwiki","dmwiki_explicit_ruby","https://dmwiki.net/%E3%80%8A%E7%A6%81%E6%99%82%E6%B7%B7%E6%88%90%E7%8E%8B%20%E3%83%89%E3%82%AD%E3%83%B3%E3%83%80%E3%83%B3%E3%83%86XXII%E3%80%8B","","","","禁時混成王、XXIIの明示ルビ。 見出しからルビ注釈を除いた形でもDB正式名との表記差を照合済み。","禁時混成王 ドキンダンテXXII","confirmed_dmwiki","きんじこんせいおう ドキンダンテトゥエンティツー","dmwiki_explicit_ruby","https://dmwiki.net/%E3%80%8A%E7%A6%81%E6%99%82%E6%B7%B7%E6%88%90%E7%8E%8B%20%E3%83%89%E3%82%AD%E3%83%B3%E3%83%80%E3%83%B3%E3%83%86XXII%E3%80%8B","B調査の確定読みを最終候補として採用。原典URLと根拠は既存列を保持。"
"7933","ダムダム・ジョーカーズ","DM26RP3 T9/T10","DMWikiページにルビなし","ダムダム・ジョーカーズ","full","confirmed_official","official_card_name_written_in_kana","https://dm.takaratomy.co.jp/card/detail/?id=dm26rp3-T009","https://dmwiki.net/%E3%80%8A%E3%83%80%E3%83%A0%E3%83%80%E3%83%A0%E3%83%BB%E3%82%B8%E3%83%A7%E3%83%BC%E3%82%AB%E3%83%BC%E3%82%BA%E3%80%8B","","","公式カード詳細で対象印刷名を確認。カード名全体がかな書きなので表記どおりを読みとして記録。DMWikiに明示ルビなし。","ダムダム・ジョーカーズ","confirmed_official","ダムダム・ジョーカーズ","official_card_name_written_in_kana","https://dm.takaratomy.co.jp/card/detail/?id=dm26rp3-T009","B調査の確定読みを最終候補として採用。原典URLと根拠は既存列を保持。"
"9592","ニクジール・ブッシャー","DM26RP3 TR9/TR9","DMWikiページにルビなし","ニクジール・ブッシャー","full","confirmed_official","official_card_name_written_in_kana","https://dm.takaratomy.co.jp/card/detail/?id=dm26rp3-TR009","https://dmwiki.net/%E3%80%8A%E3%83%8B%E3%82%AF%E3%82%B8%E3%83%BC%E3%83%AB%E3%83%BB%E3%83%96%E3%83%83%E3%82%B7%E3%83%A3%E3%83%BC%E3%80%8B","","","公式カード詳細で対象印刷名を確認。カード名全体がかな書きなので表記どおりを読みとして記録。DMWikiに明示ルビなし。","ニクジール・ブッシャー","confirmed_official","ニクジール・ブッシャー","official_card_name_written_in_kana","https://dm.takaratomy.co.jp/card/detail/?id=dm26rp3-TR009","B調査の確定読みを最終候補として採用。原典URLと根拠は既存列を保持。"
"43687","Dr.富士山ッピング","DM26RP3 S3/S11 | DM26RP3 ㊙4/㊙24","DMWiki見出しがDB正式名と不一致","ドクター.フジヤマッピング","full","confirmed_dmwiki","dmwiki_explicit_ruby","https://dmwiki.net/%E3%80%8ADr.%E5%AF%8C%E5%A3%AB%E5%B1%B1%E3%83%83%E3%83%94%E3%83%B3%E3%82%B0%E3%80%8B","","","","Dr.(ドクター)、富士山(フジヤマ)の明示ルビ。 見出しからルビ注釈を除いた形でもDB正式名との表記差を照合済み。","Dr.富士山ッピング","confirmed_dmwiki","ドクター.フジヤマッピング","dmwiki_explicit_ruby","https://dmwiki.net/%E3%80%8ADr.%E5%AF%8C%E5%A3%AB%E5%B1%B1%E3%83%83%E3%83%94%E3%83%B3%E3%82%B0%E3%80%8B","B調査の確定読みを最終候補として採用。原典URLと根拠は既存列を保持。"
"43688","SUPREME-GUN・ザ・ジョニー","DM26RP3 S1/S11 | DM26RP3 ㊙2/㊙24","DMWiki見出しがDB正式名と不一致","スプリガン・ザ・ジョニー","full","confirmed_dmwiki","dmwiki_explicit_ruby","https://dmwiki.net/%E3%80%8ASUPREME-GUN%E3%83%BB%E3%82%B6%E3%83%BB%E3%82%B8%E3%83%A7%E3%83%8B%E3%83%BC%E3%80%8B","","","","SUPREME-GUN(スプリガン)の明示ルビ。 見出しからルビ注釈を除いた形でもDB正式名との表記差を照合済み。","SUPREME-GUN・ザ・ジョニー","confirmed_dmwiki","スプリガン・ザ・ジョニー","dmwiki_explicit_ruby","https://dmwiki.net/%E3%80%8ASUPREME-GUN%E3%83%BB%E3%82%B6%E3%83%BB%E3%82%B8%E3%83%A7%E3%83%8B%E3%83%BC%E3%80%8B","B調査の確定読みを最終候補として採用。原典URLと根拠は既存列を保持。"
"43689","∑龍","DM26RP3 OR1/OR1 | DM26RP3 ㊙1/㊙24","DMWiki見出しがDB正式名と不一致","ウィンロン","full","confirmed_dmwiki","dmwiki_explicit_ruby","https://www.m.dmwiki.net/%E3%80%8A%CE%A3%E9%BE%8D%E3%80%8B","https://dm.takaratomy.co.jp/card/detail/?id=dm26rp3-SEC001","","","記事はΣ龍(U+03A3)(ウィンロン)、公式printは∑龍(U+2211), OR1/OR1。Unicode記号差だが同一printを確認。 見出しからルビ注釈を除いた形でもDB正式名との表記差を照合済み。","∑龍","confirmed_dmwiki","ウィンロン","dmwiki_explicit_ruby","https://dm.takaratomy.co.jp/card/detail/?id=dm26rp3-SEC001","B調査の確定読みを最終候補として採用。原典URLと根拠は既存列を保持。"
"43693","キング∞エンペラー","DM26RP3 S8/S11 | DM26RP3 ㊙9/㊙24","DMWikiページにルビなし","","unresolved","unresolved","official_name_dmwiki_no_ruby","https://dm.takaratomy.co.jp/card/detail/?id=dm26rp3-S008","https://dmwiki.net/%E3%80%8A%E3%82%AD%E3%83%B3%E3%82%B0%E2%88%9E%E3%82%A8%E3%83%B3%E3%83%9A%E3%83%A9%E3%83%BC%E3%80%8B","","","公式カード名とDMWikiに読みの明示なし。∞の読みを公式根拠なしで補えない。","キング∞エンペラー","confirmed_user_instruction","キングエンペラー","user_instruction","","ユーザーの明示指示で確定。∞は読まず、むげん・インフィニティ・エイト等を追加しない。公式名ページとDMWikiに読みの明示はない。"
"43696","ケツカッちん","DM26RP3 41/77","DMWikiページにルビなし","ケツカッちん","full","confirmed_official","official_card_name_written_in_kana","https://dm.takaratomy.co.jp/card/detail/?id=dm26rp3-041","https://dmwiki.net/%E3%80%8A%E3%82%B1%E3%83%84%E3%82%AB%E3%83%83%E3%81%A1%E3%82%93%E3%80%8B","","","公式カード詳細で対象印刷名を確認。カード名全体がかな書きなので表記どおりを読みとして記録。DMWikiに明示ルビなし。","ケツカッちん","confirmed_official","ケツカッちん","official_card_name_written_in_kana","https://dm.takaratomy.co.jp/card/detail/?id=dm26rp3-041","B調査の確定読みを最終候補として採用。原典URLと根拠は既存列を保持。"
"43698","コクーン・ツェッペリン","DM26RP3 21/77 | DM26RP3 ㊙17/㊙24","DMWikiページにルビなし","コクーン・ツェッペリン","full","confirmed_official","official_card_name_written_in_kana","https://dm.takaratomy.co.jp/card/detail/?id=dm26rp3-021","https://dmwiki.net/%E3%80%8A%E3%82%B3%E3%82%AF%E3%83%BC%E3%83%B3%E3%83%BB%E3%83%84%E3%82%A7%E3%83%83%E3%83%9A%E3%83%AA%E3%83%B3%E3%80%8B","","","公式カード詳細で対象印刷名を確認。カード名全体がかな書きなので表記どおりを読みとして記録。DMWikiに明示ルビなし。","コクーン・ツェッペリン","confirmed_official","コクーン・ツェッペリン","official_card_name_written_in_kana","https://dm.takaratomy.co.jp/card/detail/?id=dm26rp3-021","B調査の確定読みを最終候補として採用。原典URLと根拠は既存列を保持。"
"43699","ザエッサの海影 / 六奇怪の無 ～氾濫する覇王～","DM26RP3 61/77","DMWiki見出しがDB正式名と不一致","ザエッサのムーショ／ろくきかいのむ ～はんらんするはおう～","full","confirmed_dmwiki","dmwiki_explicit_ruby","https://www.m.dmwiki.net/%E3%80%8A%E3%82%B6%E3%82%A8%E3%83%83%E3%82%B5%E3%81%AE%E6%B5%B7%E5%BD%B1%EF%BC%8F%E5%85%AD%E5%A5%87%E6%80%AA%E3%81%AE%E7%84%A1%2B%E3%80%9C%E6%B0%BE%E6%BF%AB%E3%81%99%E3%82%8B%E8%A6%87%E7%8E%8B%E3%80%9C%E3%80%8B","","","","twin-impact見出しの両面ルビを取得。半角/と全角／、空白・波ダッシュ差。 見出しからルビ注釈を除いた形でもDB正式名との表記差を照合済み。","ザエッサの海影 / 六奇怪の無 ～氾濫する覇王～","confirmed_dmwiki","ザエッサのムーショ／ろくきかいのむ ～はんらんするはおう～","dmwiki_explicit_ruby","https://www.m.dmwiki.net/%E3%80%8A%E3%82%B6%E3%82%A8%E3%83%83%E3%82%B5%E3%81%AE%E6%B5%B7%E5%BD%B1%EF%BC%8F%E5%85%AD%E5%A5%87%E6%80%AA%E3%81%AE%E7%84%A1%2B%E3%80%9C%E6%B0%BE%E6%BF%AB%E3%81%99%E3%82%8B%E8%A6%87%E7%8E%8B%E3%80%9C%E3%80%8B","B調査の確定読みを最終候補として採用。原典URLと根拠は既存列を保持。"
"43701","スイドー・ド・デショー","DM26RP3 33/77","DMWikiページにルビなし","スイドー・ド・デショー","full","confirmed_official","official_card_name_written_in_kana","https://dm.takaratomy.co.jp/card/detail/?id=dm26rp3-033","https://dmwiki.net/%E3%80%8A%E3%82%B9%E3%82%A4%E3%83%89%E3%83%BC%E3%83%BB%E3%83%89%E3%83%BB%E3%83%87%E3%82%B7%E3%83%A7%E3%83%BC%E3%80%8B","","","公式カード詳細で対象印刷名を確認。カード名全体がかな書きなので表記どおりを読みとして記録。DMWikiに明示ルビなし。","スイドー・ド・デショー","confirmed_official","スイドー・ド・デショー","official_card_name_written_in_kana","https://dm.takaratomy.co.jp/card/detail/?id=dm26rp3-033","B調査の確定読みを最終候補として採用。原典URLと根拠は既存列を保持。"
"43703","ツミタテンカーネン","DM26RP3 65/77 | DM26RP3 ㊙23/㊙24","DMWikiページにルビなし","ツミタテンカーネン","full","confirmed_official","official_card_name_written_in_kana","https://dm.takaratomy.co.jp/card/detail/?id=dm26rp3-065","https://dmwiki.net/%E3%80%8A%E3%83%84%E3%83%9F%E3%82%BF%E3%83%86%E3%83%B3%E3%82%AB%E3%83%BC%E3%83%8D%E3%83%B3%E3%80%8B","","","公式カード詳細で対象印刷名を確認。カード名全体がかな書きなので表記どおりを読みとして記録。DMWikiに明示ルビなし。","ツミタテンカーネン","confirmed_official","ツミタテンカーネン","official_card_name_written_in_kana","https://dm.takaratomy.co.jp/card/detail/?id=dm26rp3-065","B調査の確定読みを最終候補として採用。原典URLと根拠は既存列を保持。"
"43707","にやにYAH","DM26RP3 13/77","DMWiki見出しがDB正式名と不一致","にやにヤー","full","confirmed_dmwiki","dmwiki_explicit_ruby","https://dmwiki.net/%E3%80%8A%E3%81%AB%E3%82%84%E3%81%ABYAH%E3%80%8B","","","","YAH(ヤー)の明示ルビ。 見出しからルビ注釈を除いた形でもDB正式名との表記差を照合済み。","にやにYAH","confirmed_dmwiki","にやにヤー","dmwiki_explicit_ruby","https://dmwiki.net/%E3%80%8A%E3%81%AB%E3%82%84%E3%81%ABYAH%E3%80%8B","B調査の確定読みを最終候補として採用。原典URLと根拠は既存列を保持。"
"43708","ノヴァルチャ・ハレイズ","DM26RP3 14/77","DMWikiページにルビなし","ノヴァルチャ・ハレイズ","full","confirmed_official","official_card_name_written_in_kana","https://dm.takaratomy.co.jp/card/detail/?id=dm26rp3-014","https://dmwiki.net/%E3%80%8A%E3%83%8E%E3%83%B4%E3%82%A1%E3%83%AB%E3%83%81%E3%83%A3%E3%83%BB%E3%83%8F%E3%83%AC%E3%82%A4%E3%82%BA%E3%80%8B","","","公式カード詳細で対象印刷名を確認。カード名全体がかな書きなので表記どおりを読みとして記録。DMWikiに明示ルビなし。","ノヴァルチャ・ハレイズ","confirmed_official","ノヴァルチャ・ハレイズ","official_card_name_written_in_kana","https://dm.takaratomy.co.jp/card/detail/?id=dm26rp3-014","B調査の確定読みを最終候補として採用。原典URLと根拠は既存列を保持。"
"43710","ヒトリダチ キャンベロ","DM26RP3 30/77","DMWikiページにルビなし","ヒトリダチ キャンベロ","full","confirmed_official","official_card_name_written_in_kana","https://dm.takaratomy.co.jp/card/detail/?id=dm26rp3-030","https://dmwiki.net/%E3%80%8A%E3%83%92%E3%83%88%E3%83%AA%E3%83%80%E3%83%81%20%E3%82%AD%E3%83%A3%E3%83%B3%E3%83%99%E3%83%AD%E3%80%8B","","","公式カード詳細で対象印刷名を確認。カード名全体がかな書きなので表記どおりを読みとして記録。DMWikiに明示ルビなし。","ヒトリダチ キャンベロ","confirmed_official","ヒトリダチ キャンベロ","official_card_name_written_in_kana","https://dm.takaratomy.co.jp/card/detail/?id=dm26rp3-030","B調査の確定読みを最終候補として採用。原典URLと根拠は既存列を保持。"
"43711","ヒトリダチ ケントナーク","DM26RP3 1/77","DMWikiページにルビなし","ヒトリダチ ケントナーク","full","confirmed_official","official_card_name_written_in_kana","https://dm.takaratomy.co.jp/card/detail/?id=dm26rp3-001","https://dmwiki.net/%E3%80%8A%E3%83%92%E3%83%88%E3%83%AA%E3%83%80%E3%83%81%20%E3%82%B1%E3%83%B3%E3%83%88%E3%83%8A%E3%83%BC%E3%82%AF%E3%80%8B","","","公式カード詳細で対象印刷名を確認。カード名全体がかな書きなので表記どおりを読みとして記録。DMWikiに明示ルビなし。","ヒトリダチ ケントナーク","confirmed_official","ヒトリダチ ケントナーク","official_card_name_written_in_kana","https://dm.takaratomy.co.jp/card/detail/?id=dm26rp3-001","B調査の確定読みを最終候補として採用。原典URLと根拠は既存列を保持。"
"43712","ヒトリダチ モンキッド","DM26RP3 55/77 | DM26RP3 ㊙22/㊙24","DMWikiページにルビなし","ヒトリダチ モンキッド","full","confirmed_official","official_card_name_written_in_kana","https://dm.takaratomy.co.jp/card/detail/?id=dm26rp3-055","https://dmwiki.net/%E3%80%8A%E3%83%92%E3%83%88%E3%83%AA%E3%83%80%E3%83%81%20%E3%83%A2%E3%83%B3%E3%82%AD%E3%83%83%E3%83%89%E3%80%8B","","","公式カード詳細で対象印刷名を確認。カード名全体がかな書きなので表記どおりを読みとして記録。DMWikiに明示ルビなし。","ヒトリダチ モンキッド","confirmed_official","ヒトリダチ モンキッド","official_card_name_written_in_kana","https://dm.takaratomy.co.jp/card/detail/?id=dm26rp3-055","B調査の確定読みを最終候補として採用。原典URLと根拠は既存列を保持。"
"43713","ヒミッツキッチ・グローブ","DM26RP3 52/77 | DM26RP3 ㊙21/㊙24","DMWikiページにルビなし","ヒミッツキッチ・グローブ","full","confirmed_official","official_card_name_written_in_kana","https://dm.takaratomy.co.jp/card/detail/?id=dm26rp3-052","https://dmwiki.net/%E3%80%8A%E3%83%92%E3%83%9F%E3%83%83%E3%83%84%E3%82%AD%E3%83%83%E3%83%81%E3%83%BB%E3%82%B0%E3%83%AD%E3%83%BC%E3%83%96%E3%80%8B","","","公式カード詳細で対象印刷名を確認。カード名全体がかな書きなので表記どおりを読みとして記録。DMWikiに明示ルビなし。","ヒミッツキッチ・グローブ","confirmed_official","ヒミッツキッチ・グローブ","official_card_name_written_in_kana","https://dm.takaratomy.co.jp/card/detail/?id=dm26rp3-052","B調査の確定読みを最終候補として採用。原典URLと根拠は既存列を保持。"
"43714","ホッタレマン","DM26RP3 74/77","DMWikiページにルビなし","ホッタレマン","full","confirmed_official","official_card_name_written_in_kana","https://dm.takaratomy.co.jp/card/detail/?id=dm26rp3-074","https://dmwiki.net/%E3%80%8A%E3%83%9B%E3%83%83%E3%82%BF%E3%83%AC%E3%83%9E%E3%83%B3%E3%80%8B","","","公式カード詳細で対象印刷名を確認。カード名全体がかな書きなので表記どおりを読みとして記録。DMWikiに明示ルビなし。","ホッタレマン","confirmed_official","ホッタレマン","official_card_name_written_in_kana","https://dm.takaratomy.co.jp/card/detail/?id=dm26rp3-074","B調査の確定読みを最終候補として採用。原典URLと根拠は既存列を保持。"
"43715","ミノガミ&オウ禍武斗 / T.２.D.","DM26RP3 4/77 | DM26RP3 ㊙13/㊙24","DMWiki見出しがDB正式名と不一致","ミノガミアンドオウカブト／トラップ.ツー.ダウン.","full","confirmed_dmwiki","dmwiki_explicit_ruby","https://www.m.dmwiki.net/%E3%80%8A%E3%83%9F%E3%83%8E%E3%82%AC%E3%83%9F%EF%BC%86%E3%82%AA%E3%82%A6%E7%A6%8D%E6%AD%A6%E6%96%97%EF%BC%8FT.2.D.%E3%80%8B","","","","＆(アンド)、禍武斗(カブト)、T(トラップ).2(ツー).D(ダウン)のルビ。DBの&/全角2/空白差。 見出しからルビ注釈を除いた形でもDB正式名との表記差を照合済み。","ミノガミ&オウ禍武斗 / T.２.D.","confirmed_dmwiki","ミノガミアンドオウカブト／トラップ.ツー.ダウン.","dmwiki_explicit_ruby","https://www.m.dmwiki.net/%E3%80%8A%E3%83%9F%E3%83%8E%E3%82%AC%E3%83%9F%EF%BC%86%E3%82%AA%E3%82%A6%E7%A6%8D%E6%AD%A6%E6%96%97%EF%BC%8FT.2.D.%E3%80%8B","B調査の確定読みを最終候補として採用。原典URLと根拠は既存列を保持。"
"43716","メモッタルド・デカスギオ / メモメモ・ジョーカーズ","DM26RP3 45/77 | DM26RP3 ㊙20/㊙24","DMWikiページにルビなし","メモッタルド・デカスギオ／メモメモ・ジョーカーズ","full","confirmed_official","official_card_name_written_in_kana","https://dm.takaratomy.co.jp/card/detail/?id=dm26rp3-045","https://dmwiki.net/%E3%80%8A%E3%83%A1%E3%83%A2%E3%83%83%E3%82%BF%E3%83%AB%E3%83%89%E3%83%BB%E3%83%87%E3%82%AB%E3%82%B9%E3%82%AE%E3%82%AA%EF%BC%8F%E3%83%A1%E3%83%A2%E3%83%A1%E3%83%A2%E3%83%BB%E3%82%B8%E3%83%A7%E3%83%BC%E3%82%AB%E3%83%BC%E3%82%BA%E3%80%8B","","","公式カード詳細で対象印刷名を確認。カード名全体がかな書きなので表記どおりを読みとして記録。DMWikiに明示ルビなし。","メモッタルド・デカスギオ / メモメモ・ジョーカーズ","confirmed_official","メモッタルド・デカスギオ／メモメモ・ジョーカーズ","official_card_name_written_in_kana","https://dm.takaratomy.co.jp/card/detail/?id=dm26rp3-045","B調査の確定読みを最終候補として採用。原典URLと根拠は既存列を保持。"
"43728","大地 コンダマ-2","DM26RP3 20/77","DMWiki見出しがDB正式名と不一致","だいち コンダマ-ツー","full","confirmed_dmwiki","dmwiki_explicit_ruby","https://dmwiki.net/%E3%80%8A%E5%A4%A7%E5%9C%B0%20%E3%82%B3%E3%83%B3%E3%83%80%E3%83%9E-2%E3%80%8B","","","","大地(だいち)、2(ツー)の明示ルビ。 見出しからルビ注釈を除いた形でもDB正式名との表記差を照合済み。","大地 コンダマ-2","confirmed_dmwiki","だいち コンダマ-ツー","dmwiki_explicit_ruby","https://dmwiki.net/%E3%80%8A%E5%A4%A7%E5%9C%B0%20%E3%82%B3%E3%83%B3%E3%83%80%E3%83%9E-2%E3%80%8B","B調査の確定読みを最終候補として採用。原典URLと根拠は既存列を保持。"
"43729","大地 ワタン-2","DM26RP3 73/77","DMWiki見出しがDB正式名と不一致","だいち ワタン-ツー","full","confirmed_dmwiki","dmwiki_explicit_ruby","https://dmwiki.net/%E3%80%8A%E5%A4%A7%E5%9C%B0%20%E3%83%AF%E3%82%BF%E3%83%B3-2%E3%80%8B","","","","大地(だいち)、2(ツー)の明示ルビ。 見出しからルビ注釈を除いた形でもDB正式名との表記差を照合済み。","大地 ワタン-2","confirmed_dmwiki","だいち ワタン-ツー","dmwiki_explicit_ruby","https://dmwiki.net/%E3%80%8A%E5%A4%A7%E5%9C%B0%20%E3%83%AF%E3%82%BF%E3%83%B3-2%E3%80%8B","B調査の確定読みを最終候補として採用。原典URLと根拠は既存列を保持。"
"43733","妖精 キユリ-2","DM26RP3 50/77","DMWiki見出しがDB正式名と不一致","ようせい キユリ-ツー","full","confirmed_dmwiki","dmwiki_explicit_ruby","https://dmwiki.net/%E3%80%8A%E5%A6%96%E7%B2%BE%20%E3%82%AD%E3%83%A6%E3%83%AA-2%E3%80%8B","","","","妖精(ようせい)、2(ツー)の明示ルビ。 見出しからルビ注釈を除いた形でもDB正式名との表記差を照合済み。","妖精 キユリ-2","confirmed_dmwiki","ようせい キユリ-ツー","dmwiki_explicit_ruby","https://dmwiki.net/%E3%80%8A%E5%A6%96%E7%B2%BE%20%E3%82%AD%E3%83%A6%E3%83%AA-2%E3%80%8B","B調査の確定読みを最終候補として採用。原典URLと根拠は既存列を保持。"
"43740","爆衆 ランブル-2","DM26RP3 43/77","DMWiki見出しがDB正式名と不一致","ばくしゅう ランブル-ツー","full","confirmed_dmwiki","dmwiki_explicit_ruby","https://dmwiki.net/%E3%80%8A%E7%88%86%E8%A1%86%20%E3%83%A9%E3%83%B3%E3%83%96%E3%83%AB-2%E3%80%8B","","","","爆衆(ばくしゅう)、2(ツー)の明示ルビ。 見出しからルビ注釈を除いた形でもDB正式名との表記差を照合済み。","爆衆 ランブル-2","confirmed_dmwiki","ばくしゅう ランブル-ツー","dmwiki_explicit_ruby","https://dmwiki.net/%E3%80%8A%E7%88%86%E8%A1%86%20%E3%83%A9%E3%83%B3%E3%83%96%E3%83%AB-2%E3%80%8B","B調査の確定読みを最終候補として採用。原典URLと根拠は既存列を保持。"
"43747","翔天 スケプ-3","DM26RP3 49/77","DMWiki見出しがDB正式名と不一致","しょうてん スケプ-スリー","full","confirmed_dmwiki","dmwiki_explicit_ruby","https://dmwiki.net/%E3%80%8A%E7%BF%94%E5%A4%A9%20%E3%82%B9%E3%82%B1%E3%83%97-3%E3%80%8B","","","","翔天(しょうてん)、3(スリー)の明示ルビ。 見出しからルビ注釈を除いた形でもDB正式名との表記差を照合済み。","翔天 スケプ-3","confirmed_dmwiki","しょうてん スケプ-スリー","dmwiki_explicit_ruby","https://dmwiki.net/%E3%80%8A%E7%BF%94%E5%A4%A9%20%E3%82%B9%E3%82%B1%E3%83%97-3%E3%80%8B","B調査の確定読みを最終候補として採用。原典URLと根拠は既存列を保持。"
"43748","裏魔導書グリモア-Ⅰ章","DM26RP3 15/77 | DM26RP3 ㊙16/㊙24","DMWiki見出しがDB正式名と不一致","うらまどうしょグリモア-マイナスいっしょう","full_unconfirmed","probable","dmwiki_sandbox_plus_multiple_shop_candidate","https://m.dmwiki.net/%E7%A0%82%E5%A0%B4%2B%28Sand%2BBox%29","https://dm.takaratomy.co.jp/card/detail/?id=dm26rp3-015","https://shopping.fullcomp.jp/products/pdqhj64mqg1w","https://www.cardrush-dm.jp/phone/product/58103","DMWiki砂場に明示ルビの案。別運営のフルコンプ検索語は「うらまどうしょぐりもあまいなすいっしょう」、CardRush別名は「ウラマドウショグリモア-Iショウ」。複数非公式ソースと砂場記載が一致する高確度候補だが、公式読みではないためprobable、DB投入不可。","裏魔導書グリモア-Ⅰ章","probable","","dmwiki_sandbox_plus_multiple_shop_candidate","https://m.dmwiki.net/%E7%A0%82%E5%A0%B4%2B%28Sand%2BBox%29","非公式情報のみの候補として保留。今回のmigrationには投入しない。"
"43750","輝晶 エヴァ-3","DM26RP3 22/77","DMWiki見出しがDB正式名と不一致","きしょう エヴァ-スリー","full","confirmed_dmwiki","dmwiki_explicit_ruby","https://dmwiki.net/%E3%80%8A%E8%BC%9D%E6%99%B6%20%E3%82%A8%E3%83%B4%E3%82%A1-3%E3%80%8B","","","","輝晶(きしょう)、3(スリー)の明示ルビ。 見出しからルビ注釈を除いた形でもDB正式名との表記差を照合済み。","輝晶 エヴァ-3","confirmed_dmwiki","きしょう エヴァ-スリー","dmwiki_explicit_ruby","https://dmwiki.net/%E3%80%8A%E8%BC%9D%E6%99%B6%20%E3%82%A8%E3%83%B4%E3%82%A1-3%E3%80%8B","B調査の確定読みを最終候補として採用。原典URLと根拠は既存列を保持。"
"43751","邪鬼 コオニ-4","DM26RP3 51/77","DMWiki見出しがDB正式名と不一致","じゃき コオニ-フォー","full","confirmed_dmwiki","dmwiki_explicit_ruby","https://dmwiki.net/%E3%80%8A%E9%82%AA%E9%AC%BC%20%E3%82%B3%E3%82%AA%E3%83%8B-4%E3%80%8B","","","","邪鬼(じゃき)、4(フォー)の明示ルビ。記事でコオニと-4間に空白。 見出しからルビ注釈を除いた形でもDB正式名との表記差を照合済み。","邪鬼 コオニ-4","confirmed_dmwiki","じゃき コオニ-フォー","dmwiki_explicit_ruby","https://dmwiki.net/%E3%80%8A%E9%82%AA%E9%AC%BC%20%E3%82%B3%E3%82%AA%E3%83%8B-4%E3%80%8B","B調査の確定読みを最終候補として採用。原典URLと根拠は既存列を保持。"
"43753","鉄初逆夢 ザ・ウィニー / ジョリー・ザ・スパーク","DM26RP3 28/77","DMWiki見出しがDB正式名と不一致","ザ・ウィニー／ジョリー・ザ・スパーク","partial","unresolved","official_name_dmwiki_heading_conflict","https://dm.takaratomy.co.jp/card/detail/?id=dm26rp3-028","https://www.m.dmwiki.net/%E3%80%8A%E9%8A%83%E5%88%9D%E9%80%86%E5%A4%A2%2B%E3%82%B6%E3%83%BB%E3%82%A6%E3%82%A3%E3%83%8B%E3%83%BC%EF%BC%8F%E3%82%B8%E3%83%A7%E3%83%AA%E3%83%BC%E3%83%BB%E3%82%B6%E3%83%BB%E3%82%B9%E3%83%91%E3%83%BC%E3%82%AF%E3%80%8B","","","公式print/DBは鉄初逆夢。DMWikiの別カード見出しは銃初逆夢(じゅうしょさかむ)で漢字相違。鉄初の読みを転用できず上下名のかな部分のみ。公式がDB表記を確認するためpossible_db_name_issueにはしない。","銃初逆夢 ザ・ウィニー / ジョリー・ザ・スパーク","confirmed_official","じゅうしょさかむ ザ・ウィニー／ジョリー・ザ・スパーク","official_card_image_and_dmwiki","https://dm.takaratomy.co.jp/wp-content/card/cardimage/dm26rp3-028a.jpg","公式の対象print画像(DM26RP3 28/77)上の銃初逆夢とルビを確認し、DMWikiのページ名・読みとも一致。公式詳細ページのテキスト見出しだけは鉄初逆夢のままで、表示上の食い違いを記録。canonical名を訂正する。"
"43754","銃宮逆夢 ザ・ネオニー / ジョリー・ザ・ブレイン","DM26RP3 32/77","DMWiki見出しがDB正式名と不一致","じゅうきゅうさかむ ザ・ネオニー／ジョリー・ザ・ブレイン","full_unconfirmed","probable","two_independent_card_shops","https://www.cardrush-dm.jp/phone/product/58120","https://www.ka-nabell.com/?act=sell_detail&genre=7&id=100415057","https://dm.takaratomy.co.jp/card/detail/?id=dm26rp3-032","","CardRush商品別名とカーナベル商品見出しがジュウキュウサカム/じゅうきゅうさかむで一致。両方非公式なのでprobable、DB投入不可。","銃宮逆夢 ザ・ネオニー / ジョリー・ザ・ブレイン","probable","","two_independent_card_shops","https://www.cardrush-dm.jp/phone/product/58120","非公式情報のみの候補として保留。今回のmigrationには投入しない。"
"43758","闇影 ヘモグロ-2","DM26RP3 39/77","DMWiki見出しがDB正式名と不一致","あんえい ヘモグロ-ツー","full","confirmed_dmwiki","dmwiki_explicit_ruby","https://dmwiki.net/%E3%80%8A%E9%97%87%E5%BD%B1%20%E3%83%98%E3%83%A2%E3%82%B0%E3%83%AD-2%E3%80%8B","","","","闇影(あんえい)、2(ツー)の明示ルビ。 見出しからルビ注釈を除いた形でもDB正式名との表記差を照合済み。","闇影 ヘモグロ-2","confirmed_dmwiki","あんえい ヘモグロ-ツー","dmwiki_explicit_ruby","https://dmwiki.net/%E3%80%8A%E9%97%87%E5%BD%B1%20%E3%83%98%E3%83%A2%E3%82%B0%E3%83%AD-2%E3%80%8B","B調査の確定読みを最終候補として採用。原典URLと根拠は既存列を保持。"
"43761","魔具 ヴァイポイズ-4","DM26RP3 25/77 | DM26RP3 ㊙18/㊙24","DMWiki見出しがDB正式名と不一致","まぐ ヴァイポイズ-フォー","full","confirmed_dmwiki","dmwiki_explicit_ruby","https://dmwiki.net/%E3%80%8A%E9%AD%94%E5%85%B7%20%E3%83%B4%E3%82%A1%E3%82%A4%E3%83%9D%E3%82%A4%E3%82%BA-4%E3%80%8B","","","","魔具(まぐ)、4(フォー)の明示ルビ。 見出しからルビ注釈を除いた形でもDB正式名との表記差を照合済み。","魔具 ヴァイポイズ-4","confirmed_dmwiki","まぐ ヴァイポイズ-フォー","dmwiki_explicit_ruby","https://dmwiki.net/%E3%80%8A%E9%AD%94%E5%85%B7%20%E3%83%B4%E3%82%A1%E3%82%A4%E3%83%9D%E3%82%A4%E3%82%BA-4%E3%80%8B","B調査の確定読みを最終候補として採用。原典URLと根拠は既存列を保持。"
"43866","“↑↑”ブランド","DM26RP3 S5/S11 | DM26RP3 ㊙6/㊙24","DMWiki見出しがDB正式名と不一致","アゲアゲ ブランド","full","confirmed_dmwiki","dmwiki_explicit_ruby","https://dmwiki.net/%E3%80%8A%E2%80%9C%E2%86%91%E2%86%91%E2%80%9D%E3%83%96%E3%83%A9%E3%83%B3%E3%83%89%E3%80%8B","","","","↑↑(アゲアゲ)の明示ルビ。 見出しからルビ注釈を除いた形でもDB正式名との表記差を照合済み。","“↑↑”ブランド","confirmed_dmwiki","アゲアゲ ブランド","dmwiki_explicit_ruby","https://dmwiki.net/%E3%80%8A%E2%80%9C%E2%86%91%E2%86%91%E2%80%9D%E3%83%96%E3%83%A9%E3%83%B3%E3%83%89%E3%80%8B","B調査の確定読みを最終候補として採用。原典URLと根拠は既存列を保持。"
"43867","×マドギワ親父","DM26RP3 38/77","DMWiki見出しがDB正式名と不一致","バッテンマドギワおやじ","full","confirmed_dmwiki","dmwiki_explicit_ruby","https://dmwiki.net/%E3%80%8A%C3%97%E3%83%9E%E3%83%89%E3%82%AE%E3%83%AF%E8%A6%AA%E7%88%B6%E3%80%8B","","","","×(バッテン)、親父(おやじ)の明示ルビ。 見出しからルビ注釈を除いた形でもDB正式名との表記差を照合済み。","×マドギワ親父","confirmed_dmwiki","バッテンマドギワおやじ","dmwiki_explicit_ruby","https://dmwiki.net/%E3%80%8A%C3%97%E3%83%9E%E3%83%89%E3%82%AE%E3%83%AF%E8%A6%AA%E7%88%B6%E3%80%8B","B調査の確定読みを最終候補として採用。原典URLと根拠は既存列を保持。"
"43869","SMANAGER","DM26RP3 67/77","DMWiki見出しがDB正式名と不一致","スマネージャー","full","confirmed_dmwiki","dmwiki_explicit_ruby","https://dmwiki.net/%E3%80%8ASMANAGER%E3%80%8B","","","","SMANAGER(スマネージャー)の明示ルビ。 見出しからルビ注釈を除いた形でもDB正式名との表記差を照合済み。","SMANAGER","confirmed_dmwiki","スマネージャー","dmwiki_explicit_ruby","https://dmwiki.net/%E3%80%8ASMANAGER%E3%80%8B","B調査の確定読みを最終候補として採用。原典URLと根拠は既存列を保持。"
"43870","The 淡口ラー漢 極","DM26RP3 34/77","DMWiki見出しがDB正式名と不一致","ザ うすくちラーメン きわみ","full","confirmed_dmwiki","dmwiki_explicit_ruby","https://dmwiki.net/%E3%80%8AThe%20%E6%B7%A1%E5%8F%A3%E3%83%A9%E3%83%BC%E6%BC%A2%20%E6%A5%B5%E3%80%8B","","","","The(ザ)、淡口(うすくち)、ラー漢(めん)、極(きわみ)の明示ルビ。 見出しからルビ注釈を除いた形でもDB正式名との表記差を照合済み。","The 淡口ラー漢 極","confirmed_dmwiki","ザ うすくちラーメン きわみ","dmwiki_explicit_ruby","https://dmwiki.net/%E3%80%8AThe%20%E6%B7%A1%E5%8F%A3%E3%83%A9%E3%83%BC%E6%BC%A2%20%E6%A5%B5%E3%80%8B","B調査の確定読みを最終候補として採用。原典URLと根拠は既存列を保持。"
"43872","キング・ザ・ベスト","DM26RP3 18/77","DMWikiページにルビなし","キング・ザ・ベスト","full","confirmed_official","official_card_name_written_in_kana","https://dm.takaratomy.co.jp/card/detail/?id=dm26rp3-018","https://dmwiki.net/%E3%80%8A%E3%82%AD%E3%83%B3%E3%82%B0%E3%83%BB%E3%82%B6%E3%83%BB%E3%83%99%E3%82%B9%E3%83%88%E3%80%8B","","","公式カード詳細で対象印刷名を確認。カード名全体がかな書きなので表記どおりを読みとして記録。DMWikiに明示ルビなし。","キング・ザ・ベスト","confirmed_official","キング・ザ・ベスト","official_card_name_written_in_kana","https://dm.takaratomy.co.jp/card/detail/?id=dm26rp3-018","B調査の確定読みを最終候補として採用。原典URLと根拠は既存列を保持。"
"43873","ツーキンカイソッQ","DM26RP3 64/77","DMWiki見出しがDB正式名と不一致","ツーキンカイソッキュー","full","confirmed_dmwiki","dmwiki_explicit_ruby","https://dmwiki.net/%E3%80%8A%E3%83%84%E3%83%BC%E3%82%AD%E3%83%B3%E3%82%AB%E3%82%A4%E3%82%BD%E3%83%83Q%E3%80%8B","","","","Q(キュー)の明示ルビ。 見出しからルビ注釈を除いた形でもDB正式名との表記差を照合済み。","ツーキンカイソッQ","confirmed_dmwiki","ツーキンカイソッキュー","dmwiki_explicit_ruby","https://dmwiki.net/%E3%80%8A%E3%83%84%E3%83%BC%E3%82%AD%E3%83%B3%E3%82%AB%E3%82%A4%E3%82%BD%E3%83%83Q%E3%80%8B","B調査の確定読みを最終候補として採用。原典URLと根拠は既存列を保持。"
"43874","どうだいジンセー","DM26RP3 70/77 | DM26RP3 ㊙24/㊙24","DMWikiページにルビなし","どうだいジンセー","full","confirmed_official","official_card_name_written_in_kana","https://dm.takaratomy.co.jp/card/detail/?id=dm26rp3-070","https://dmwiki.net/%E3%80%8A%E3%81%A9%E3%81%86%E3%81%A0%E3%81%84%E3%82%B8%E3%83%B3%E3%82%BB%E3%83%BC%E3%80%8B","","","公式カード詳細で対象印刷名を確認。カード名全体がかな書きなので表記どおりを読みとして記録。DMWikiに明示ルビなし。","どうだいジンセー","confirmed_official","どうだいジンセー","official_card_name_written_in_kana","https://dm.takaratomy.co.jp/card/detail/?id=dm26rp3-070","B調査の確定読みを最終候補として採用。原典URLと根拠は既存列を保持。"
"43875","バイナラベーター","DM26RP3 62/77","DMWikiページにルビなし","バイナラベーター","full","confirmed_official","official_card_name_written_in_kana","https://dm.takaratomy.co.jp/card/detail/?id=dm26rp3-062","https://dmwiki.net/%E3%80%8A%E3%83%90%E3%82%A4%E3%83%8A%E3%83%A9%E3%83%99%E3%83%BC%E3%82%BF%E3%83%BC%E3%80%8B","","","公式カード詳細で対象印刷名を確認。カード名全体がかな書きなので表記どおりを読みとして記録。DMWikiに明示ルビなし。","バイナラベーター","confirmed_official","バイナラベーター","official_card_name_written_in_kana","https://dm.takaratomy.co.jp/card/detail/?id=dm26rp3-062","B調査の確定読みを最終候補として採用。原典URLと根拠は既存列を保持。"
"43876","ビーチボーイズ・Ⅱ・メン","DM26RP3 60/77","DMWiki見出しがDB正式名と不一致","ビーチボーイズ・トゥ・メン","full","confirmed_dmwiki","dmwiki_explicit_ruby","https://dmwiki.net/%E3%80%8A%E3%83%93%E3%83%BC%E3%83%81%E3%83%9C%E3%83%BC%E3%82%A4%E3%82%BA%E3%83%BBII%E3%83%BB%E3%83%A1%E3%83%B3%E3%80%8B","","","","DMWikiはLatin II(トゥ)、DBはローマ数字Ⅱ(U+2161)。Unicode表記差。 見出しからルビ注釈を除いた形でもDB正式名との表記差を照合済み。","ビーチボーイズ・Ⅱ・メン","confirmed_dmwiki","ビーチボーイズ・トゥ・メン","dmwiki_explicit_ruby","https://dmwiki.net/%E3%80%8A%E3%83%93%E3%83%BC%E3%83%81%E3%83%9C%E3%83%BC%E3%82%A4%E3%82%BA%E3%83%BBII%E3%83%BB%E3%83%A1%E3%83%B3%E3%80%8B","B調査の確定読みを最終候補として採用。原典URLと根拠は既存列を保持。"
"43878","爆衆 マキシ-2","DM26RP3 44/77","DMWiki見出しがDB正式名と不一致","ばくしゅう マキシ-ツー","full","confirmed_dmwiki","dmwiki_explicit_ruby","https://dmwiki.net/%E3%80%8A%E7%88%86%E8%A1%86%20%E3%83%9E%E3%82%AD%E3%82%B7-2%E3%80%8B","","","","爆衆(ばくしゅう)、2(ツー)の明示ルビ。 見出しからルビ注釈を除いた形でもDB正式名との表記差を照合済み。","爆衆 マキシ-2","confirmed_dmwiki","ばくしゅう マキシ-ツー","dmwiki_explicit_ruby","https://dmwiki.net/%E3%80%8A%E7%88%86%E8%A1%86%20%E3%83%9E%E3%82%AD%E3%82%B7-2%E3%80%8B","B調査の確定読みを最終候補として採用。原典URLと根拠は既存列を保持。"
"43882","輝晶 シンプ-2","DM26RP3 29/77","DMWiki見出しがDB正式名と不一致","きしょう シンプ-ツー","full","confirmed_dmwiki","dmwiki_explicit_ruby","https://dmwiki.net/%E3%80%8A%E8%BC%9D%E6%99%B6%20%E3%82%B7%E3%83%B3%E3%83%97-2%E3%80%8B","","","","輝晶(きしょう)、2(ツー)の明示ルビ。 見出しからルビ注釈を除いた形でもDB正式名との表記差を照合済み。","輝晶 シンプ-2","confirmed_dmwiki","きしょう シンプ-ツー","dmwiki_explicit_ruby","https://dmwiki.net/%E3%80%8A%E8%BC%9D%E6%99%B6%20%E3%82%B7%E3%83%B3%E3%83%97-2%E3%80%8B","B調査の確定読みを最終候補として採用。原典URLと根拠は既存列を保持。"
"43883","輝晶 マルハヴ-2","DM26RP3 31/77","DMWiki見出しがDB正式名と不一致","きしょう マルハヴ-ツー","full","confirmed_dmwiki","dmwiki_explicit_ruby","https://dmwiki.net/%E3%80%8A%E8%BC%9D%E6%99%B6%20%E3%83%9E%E3%83%AB%E3%83%8F%E3%83%B4-2%E3%80%8B","","","","輝晶(きしょう)、2(ツー)の明示ルビ。 見出しからルビ注釈を除いた形でもDB正式名との表記差を照合済み。","輝晶 マルハヴ-2","confirmed_dmwiki","きしょう マルハヴ-ツー","dmwiki_explicit_ruby","https://dmwiki.net/%E3%80%8A%E8%BC%9D%E6%99%B6%20%E3%83%9E%E3%83%AB%E3%83%8F%E3%83%B4-2%E3%80%8B","B調査の確定読みを最終候補として採用。原典URLと根拠は既存列を保持。"
